,eqnarray\*
0,"\begin{eqnarray*}
\makebox[0pt][r]{$ A\oplus B \ =\ [0,0] \oplus  [0,2]$}&
\longrightarrow &\makebox[0pt][l]{$ [1,1] \ =\ AB \ \ .$}  \\
\parbox{1cm}{\makebox[1cm]{{\pottsAundB}}} \quad &\longrightarrow &\quad  \parbox{1cm}{\makebox[1cm]{{\pottsAB}}} 
\end{eqnarray*}
As one could already infer from symmetry arguments, there are also
the flows $B\oplus C\to BC$ and $A\oplus C\to
AC$. Starting instead with $\alpha = [1,2]$ we find
\begin{eqnarray*}
\makebox[0pt][r]{$ AB\oplus BC\ =\ [1,1]\oplus [1,3]$}&
\longrightarrow& \makebox[0pt][l]{$[0,2]\oplus [2,2]\
=\ B\oplus AC\ \ ,$} \\
\parbox{1cm}{\makebox[1cm]{{\pottsABundBC}}}\quad  &\longrightarrow &\quad  \parbox{1cm}{\makebox[1cm]{{\pottsBundAC}}} 
\end{eqnarray*}
analogous results can be obtained for permutations of the letters $A,B,C$.
 
Choosing $\alpha = [0,-]$ in \eqref{bcflow} yields the flow
\begin{eqnarray*}
\makebox[0pt][r]{$ 2\cdot F \ =\ 2\cdot [0,+]$}&
\longrightarrow &  \makebox[0pt][l]{$[1,-]\ =\ N \ \ .$}\\
\parbox{1cm}{\makebox[1cm]{{\pottsfreefree}}} \quad  & \longrightarrow & \quad  \parbox{1cm}{\makebox[1cm]{{\pottsnew}}} 
\end{eqnarray*}
If we set $\alpha = [1,+]$, the resulting flow is
\begin{eqnarray*}
\makebox[0pt][r]{$ 2\cdot N \ =\ 2\cdot [1,-] $}& \longrightarrow & \makebox[0pt][l]{$[0,+]\oplus
[2,+]\ =\ F \oplus N \ \ .$} \\
\parbox{1cm}{\makebox[1cm]{{\pottsnewnew}}} \quad  & \longrightarrow & \quad  \parbox{1cm}{\makebox[1cm]{{\pottsfreenew}}}
\end{eqnarray*}
These are all flows provided by the rule~\eqref{bcflow} for
superpositions of two boundary conditions. The field responsible for
the flows comes from the coset sectors $\cH ^{(0,\pm 2)}$ and has
conformal weight $h=2/3$. This can be concluded from
our general prescription in section~3 (see eq.\ \eqref{list}).
\medskip 

We now turn to the description of the Potts model as diagonal $su (2)$ coset,
\[
\frac{\widehat{su} (2)_{3}\oplus \widehat{su} (2)_{1}}{\widehat{su} (2)_{4}}
\]
where the modular invariant is obtained from charge-conjugated modular
invariants in the numerator, the denominator $su (2)_{4}$ contributes
a $D_{4} $ modular invariant. 
The perturbing field comes from the adjoint sector $[0,0,2]$ and has
conformal weight $h=2/3$.

We find four
boundary conditions $L_{1}=0,1,2,3$ in the $su (2)_{3}$ part and two boundary
conditions $L_{2}=0,1$ in the $su (2)_{1}$ part. The $su (2)_{4}$ part has
a $D_{4}$ modular invariant. There are
four boundary conditions which we label by $L'=0,1,2+,2-$. The
coefficients of the corresponding boundary states in terms of
Ishibashi states can be found e.g.\ in \cite{Behrend:1999bn}.

Identification and selection rules leave us with eight boundary
conditions for the 3-state Potts model. They are given in
table~\ref{potts}.
Applying our rule, we observe first that we find the same flows
involving superpositions of two boundary conditions that we discussed
in the parafermion construction. In addition we find flows relating
`free' and `new' boundary conditions with the others, namely (for
superpositions of maximally three boundary conditions):
\begin{equation*}

\begin{array}{ccccccl}
\parbox{1cm}{\makebox[1cm]{{\pottsfree}}} \ & = &\ F\ & \longrightarrow\ & A\ &=&\ \parbox{1cm}{\makebox[1cm]{{\pottsA}}} \\[1mm]
\parbox{1cm}{\makebox[1cm]{{\pottsfree}}} \ & = &\ F\ & \longrightarrow\ & AB\ &=&\ \parbox{1cm}{\makebox[1cm]{{\pottsAB}}}  \\[1mm]
\parbox{1cm}{\makebox[1cm]{{\pottsnew}}} \ & = &\ N \ & \longrightarrow\ & AB\ &=&\ \parbox{1cm}{\makebox[1cm]{{\pottsAB}}}  \\[1mm]
\parbox{1cm}{\makebox[1cm]{{\pottsnew}}} \ & = &\ N \ & \longrightarrow\ & AC\ \oplus\ B\
&=&\ \parbox{1cm}{\makebox[1cm]{{\pottsBundAC}}} \\[3mm]
\parbox{1cm}{\makebox[1cm]{{\pottsfreefree}}} \ &=&\ 2\cdot F\ & \longrightarrow\ & AB\ &=&\ \parbox{1cm}{\makebox[1cm]{{\pottsAB}}}  \\[1mm]
\parbox{1cm}{\makebox[1cm]{{\pottsnewnew}}} \ &=&\ 2\cdot N\ & \longrightarrow\ & AC\ \oplus\ B\
&=&\ \parbox{1cm}{\makebox[1cm]{{\pottsBundAC}}} \\[3mm]
\parbox{1cm}{\makebox[1cm]{{\pottsABC}}} \ & = &\ A\ \oplus\ B\ \oplus\ C\ & \longrightarrow\ & F\ &=&\ \parbox{1cm}{\makebox[1cm]{{\pottsfree}}} \\[1mm]
\parbox{1cm}{\makebox[1cm]{{\pottsABC}}} \ & = &\ A\ \oplus\ B\ \oplus\ C\ & \longrightarrow\ & N\ &=&\ \parbox{1cm}{\makebox[1cm]{{\pottsnew}}} \\[1mm]
\parbox{1cm}{\makebox[1cm]{{\pottsABundBCundCA}}} \ & = &\ AB\ \oplus\ BC\ \oplus\ AC\ &
\longrightarrow\ & N\ &=&\ \parbox{1cm}{\makebox[1cm]{{\pottsnew}}} \\[1mm]
\parbox{1cm}{\makebox[1cm]{{\pottsABundBCundCA}}} \ & = &\ AB\ \oplus\ BC\ \oplus\ AC\ &
\longrightarrow\ & F\ \oplus\ N\ &=&\
\parbox{1cm}{\makebox[1cm]{{\pottsfreenew}}} 
\end{array}
\end{equation*}
\medskip 

Let us finally discuss the construction of the Potts model as
\[
\frac{\widehat{su} (3)_{1}\oplus \widehat{su} (3)_{1}}{\widehat{su} (3)_{2}}
\]
coset. Its sectors are labeled by three $su (3)$ weights 
\[
[(l_{1},l_{2}),(m_{1},m_{2}),(l'_{1},l'_{2})]
\]
where $l_{i},m_{i},l'_{i}$ are non-negative integers (Dynkin labels)
obeying
\begin{gather*}
0\leq l_{1}+l_{2}\leq 1\quad ,\quad 0\leq m_{1}+m_{2}\leq 1\quad,
\quad 0\leq l'_{1}+l'_{2}\leq 2\\
2 (l_{1}+m_{1}-l'_{1})+l_{2}+m_{2}-l'_{2}\ =\ 0\ \mod 3 \ \ .
\end{gather*}
The sectors are identified according to the field identification
\begin{multline*}
[(l_{1},l_{2}),(m_{1},m_{2}),(l'_{1},l'_{2})]\ \sim \\
\sim \ [(1-l_{1}-l_{2},l_{1}),(1-m_{1}-m_{2},m_{1}),(2-l'_{1}-l'_{2},l'_{1})]\
\ .
\end{multline*}
What remains are 6 sectors. According to the standard Cardy
construction, these give rise to 6 boundary conditions which are
listed in table~\ref{potts} along with their g-factors. Before we go to
construct the remaining two boundary conditions, we want to look for
RG flows.

Let us start with the boundary condition $AB$ and exhibit what flows
are `predicted' by \eqref{bcflow}. We choose the perturbation $S =
((0,0),(0,1))$ and find the flow
\begin{eqnarray*}
\makebox[0pt][r]{$ AB\ =\ [(0,0),(1,0),(1,0)]$} &  \longrightarrow & \makebox[0pt][l]{$[(0,0),(0,0),(0,0)]\
=\ A\ \ .$}\\
\parbox{1cm}{\makebox[1cm]{{\pottsAB}}} \quad & \longrightarrow & \quad \parbox{1cm}{\makebox[1cm]{{\pottsA}}} 
\end{eqnarray*}
The spin $S = ((0,1),(0,0))$ leads to
\begin{eqnarray*}
\makebox[0pt][r]{$ AB\ =\ [(0,0),(1,0),(1,0)]$} & \longrightarrow & \makebox[0pt][l]{$[(0,0),(0,1),(2,0)]\ =\
B\ \ .$} \\
\parbox{1cm}{\makebox[1cm]{{\pottsAB}}} \quad  & \longrightarrow & \quad \parbox{1cm}{\makebox[1cm]{{\pottsB}}} 
\end{eqnarray*}
Analogously, we find $BC\to B$, $BC\to C$ and $AC\to A$, $AC\to
C$. These constitute all flows from single boundary conditions described by
the rule. 
For a superposition of two boundary conditions we find flows
of the form 
\begin{eqnarray*}
AC\oplus B \quad  &\longrightarrow & \quad \ \ A  
\makebox[0cm]{\hspace*{0.7cm} .} \\
\parbox{1cm}{\makebox[1cm]{{\pottsBundAC}}} \quad & \longrightarrow & \quad \parbox{1cm}{\makebox[1cm]{{\pottsA}}} 
\end{eqnarray*}
\smallskip

The two remaining boundary conditions can be obtained from twisted
gluing conditions using an automorphism which interchanges the two
Dynkin labels of the $su (3)$ theories. In the $su (3)_{1}$ there is
only one sector left invariant under this automorphism, in the $su
(3)_{2}$ theory there are two. In total we find two twisted boundary
conditions
\[
[0,0,0;\omega ]\quad \text{and}\quad [0,0,1;\omega ]\ \ ,
\]
there are no selection or identification rules in this example.
We can calculate their g-factors (see table~\ref{potts}) and
identify the two boundary conditions as the `new' and the `free'
boundary condition, respectively.
\begin{figure}[!t]
\begin{center}
{\pottsprocesses}
\end{center}
\caption{\label{pottsprocesses} 
Some of the boundary RG flows found in the
3-states Potts model. The vertical ordering of the configurations is done
according to the g-factors. The conformal weight of the field responsible
for a flow is quoted. 
}
\end{figure}

Again, we want to investigate what flows are described by the
rule~\eqref{bcflow}. Let us start with the `new' boundary condition and
try the perturbation $S = ((1,0),(0,0))$. This leads to
\begin{eqnarray*}
\makebox[0pt][r]{$N\ =\   [0,0,0;\omega ] $}& \longrightarrow &
\makebox[0pt][l]{$[0,0,1;\omega ]\ =\ 
F\ \ .$}\\
\parbox{1cm}{\makebox[1cm]{{\pottsnew}}} \quad & \longrightarrow & \quad \parbox{1cm}{\makebox[1cm]{{\pottsfree}}} 
\end{eqnarray*}

We can identify the field that drives the described flows. From our
general prescription~\eqref{list}, we conclude that the perturbing
field is $[(0,0),(0,0),(1,1) ]$
and has conformal weight $h=2/5$.
\medskip 

Let us compare our results with the work of Affleck et
al.\cite{Affleck:1998nq} (see also \cite{Affleck:2000ws}). 
They find several flows driven by fields of
conformal weight $h=2/3$ and $h=2/5$. The flows they find are \textit{all}
reproduced by our rule. For single boundary conditions we find exact
coincidence, for superpositions our rule suggests further flows that
have not been analyzed in \cite{Affleck:1998nq}.
\smallskip

Figure~\ref{pottsprocesses} summarizes part of the results for
boundary RG flows in the 3-states Potts model obtained by the
rule~\eqref{bcflow}. The complete results can be found in appendix~B.

\subsection[$N=2$ Minimal Models]{$\boldsymbol{N=2}$ Minimal Models}
As last example we choose the supersymmetric parafermion theories, the
$N=2$ minimal series. They can be constructed as cosets $\widehat{su}
(2)_{k}\oplus \widehat{u}_{4}/\widehat{u}_{2k+4}$. The sectors of the
theory are labeled by triples
$[l_{1},l_{2},l']$ where\footnote{Usually the sectors are labeled
by the triples $(l,m,s)$ where $l$ corresponds to $l_{1}$, $m$ to $l'$ and $s$
corresponds to $l_{2}$. We choose a different order here and
put all labels that belong to the numerator theory to the front.}  
$l_{1}=0,\dots ,k$ and $l'$
is a $(2k+4)$-periodic integer with standard range $l'=-k-1,\dots
,k+2$. The third label $l_{2}$ can take the values $l_{2}=-1,0,1,2$. Selection
rules force $l_{1}+l_{2}+l'$ to be even and the triples $[l_{1},l_{2},l']$ and
$[k-l_{1},l_{2}\pm 2,l'\pm (k+2)]$ label the same sectors.

The discussion of boundary conditions is analogous to the parafermion case
(section~4.5). There are untwisted boundary conditions (A-branes), labeled by
triples $[L_{1},L_{2},L']$, and twisted ones
(B-branes)~\cite{Maldacena:2001ky}. As many results can be directly
translated from the parafermion case, we are not going to repeat the
whole picture here, but restrict our discussion now
to untwisted, `even' ($L_{2}=0,2$) boundary conditions. 
\begin{figure}[!t]
\begin{center}
\scalebox{.65}{\supminmodprocI}
\scalebox{.65}{\supminmodprocII}
\scalebox{.65}{\supminmodprocIII}
\end{center}
\caption{\label{supminmodprocI}Some flows in the $N=2$ minimal model
for $k=3$.}
\end{figure}

Geometrically they can be displayed by straight, oriented lines
(orientation depends on the label $L_{2}$)
stretched between $k+2$ special punctures on a
disc~\cite{Maldacena:2001ky}. The smallest
lines connecting two neighboring points have a label $L_{1}=0,k$.

Let us see what flows are described by the rule~\eqref{bcflow}. Let us
choose $L_{1},L_{2},L',S$ s.t.\ $L_{1}+L_{2}+L'+S$ is even. Then we
find the flow 
\begin{multline}\label{supminmodflow}
[L_{1},L_{2},L'-S]\oplus [L_{1},L_{2},L'-S+2]\oplus \dots \oplus
[L_{1},L_{2},L'+S]\\  \longrightarrow\
\bigoplus_{J}N^{(k)}_{SL_{1}}{}^{J}[J,L_{2},L']\ \ .
\end{multline}
We show some examples for $k=3$ in
figures~\ref{supminmodprocI} and~\ref{supminmodprocII}.
\begin{figure}
\begin{center}
\scalebox{.65}{\supminmodprocIV}
\scalebox{.65}{\supminmodprocV}
\end{center}
\caption{\label{supminmodprocII}Flows~\eqref{supminmodflow} in the
$N=2$ minimal model for $k=3$: the first one is obtained by setting
$S=k,L_{1}=1$, the second one by setting $S=k,L_{1}=0$.}
\end{figure} 
\smallskip

At the end of this section, 
we want to show how these results can be used to determine
the group of brane charges in the $N=2$ minimal models. We assign
charges $Q_{[L_{1},L_{2},L']}$ to the boundary conditions 
s.t.\ they are conserved during
RG flows. From the rule we see immediately that all charges can be
expressed by the charges $Q_{[0,L_{2},L']}$ 
of boundary conditions with $L_{1}=0$ (just
set $L_{1}$ to zero in the flow~\eqref{supminmodflow}). 
This means that for the even
untwisted boundary conditions we have at most the charge group $\mathbb{Z}
^{2k+4}$, one copy of $\mathbb{Z} $ for every boundary condition with
$L_{1}=0$. Now, the rule implies more constraints on the charges.
It turns out that in the end we remain with the relations
\begin{subequations}
\begin{align}\label{firstrelation}
Q_{[0,0,L'-k-1]}+Q_{[0,0,L'-k+1]}+\dots +Q_{[0,0,L'+k+1]}\ & =\ 0\\ 
\label{secondrelation}
Q_{[0,0,L']}\ & =\ - Q_{[0,2,L']}\ \ .
\end{align}
\end{subequations}
To find~\eqref{firstrelation}, it is sufficient to consider the flows with
$S=k$ and $L_{1}=1$ in~\eqref{supminmodflow} (see e.g.\ the first flow
of figure~\ref{supminmodprocII}).
The second relation~\eqref{secondrelation} results from flows 
with $S=k$ and $L_{1}=0$ (see the second flow of
figure~\ref{supminmodprocII}) combined with~\eqref{firstrelation}. 
One can then show that other flows do not give any further constraints.

To summarize we find that the charge group of even untwisted branes is
$\mathbb{Z} ^{k+1}$. This result has already been obtained in~\cite{Maldacena:2001ky}.
It coincides with the computation of RR-charges in~\cite{Lerche:2000iv}.

\section{Conclusions}
In this work we presented a proposal for a simple rule for boundary
RG flows in coset models. A specialized version of the rule for
untwisted Cardy boundary conditions had been announced
earlier~\cite{Fredenhagen:2002qn}. Evidence for the rule comes from
three directions. First, the rule is in concordance with perturbative
results. Second, there are strong arguments that 
all flows described by the rule satisfy the general `g-theorem' of
Affleck and Ludwig. Third, in a number of examples, including
non-trivial exceptional coset constructions, the rule is able to
reproduce flows that have been obtained by different means.

In the last section of the paper, we presented the broad range of
application of the rule in different coset constructions. Having
a rich knowledge of possible boundary RG flows in particular models,
we can start to determine quantities that are invariant under 
RG flows. Interpreting the RG flows as dynamical processes between
brane configurations in string theory, the determination of invariants 
leads to the computation of D-brane charge groups. For WZNW models such
a computation has been performed 
in~\cite{Fredenhagen:2000ei, Bouwknegt:2002bq} using the
rule of Affleck and Ludwig. We showed how the generalized rule can
be used to determine brane charges in $N=2$ minimal models. The
same method can be applied to other coset models, in particular to
other Kazama-Suzuki models and compared to the RR-charges that have
been calculated in~\cite{Lerche:2000iv}.

Let us mention two open issues that one could consider in the
future. In the perturbative regime we see a lot more flows than are
described by our rule. What happens to them when we take the level to
finite values? Another problem which is almost unexplored concerns
boundary RG flows for non-maximally symmetric boundary
conditions. In the perturbative regime, we have some (though very
limited) informations from non-symmetric solutions of the
effective action found in~\cite{Alekseev:2002rj}. It would be
interesting to study these boundary conditions and their relevance for
brane charges further.

\enlargethispage{.5cm}
\subsection*{Acknowledgements}
I would like to thank
A.\  Cappelli, G.\ D'Appollonio, K.\ Graham, A.\ Recknagel, T.\ Quella,
C.\ Schweigert and especially V.\ Schomerus for their comments 
and useful and stimulating discussions.

\begin{appendix}
\section{Compatibility with g-conjecture}
In this appendix we want to show that the
inequality~\eqref{inequality} which describes the compatibility of our
proposed rule with the g-conjecture is satisfied when we take 
the levels to be large. For convenience, let us rewrite the inequality
here and introduce the abbreviations $g_{L}$ and $g_{R}$ for left and
right hand side of the relation,
\begin{equation}\label{app:inequality}
g_{L}\ :=\ \sum_{S'}b_{SS'}\frac{S^{{\mathfrak{h}}}_{S'0}}{S^{{\mathfrak{h}}}_{00}}\
> \ \frac{S^{{\mathfrak{g}}}_{S0}}{S^{{\mathfrak{g}}}_{00}}\ =:\ g_{R}\ \ .
\end{equation}
We shall expand both sides of the relation to the order $1/k^{2}$ where
$k$ is the level which is sent to large values. Note that we not
necessarily have to take all levels to be large as long as the
representation $S$ is trivial w.r.t.\ the algebras that stay at small
levels.
\smallskip

Let us consider the simplest case when ${\mathfrak{g}}$ and ${\mathfrak{h}}$ are
simple Lie algebras with level $k$ and $k'=kx_{e}$, respectively. Here,
the integer $x_{e}$ denotes the embedding index of the embedding
${\mathfrak{h}}\hookrightarrow{\mathfrak{g}}$. When we want to expand the
expressions in~\eqref{app:inequality}, we can make use of the
formula 
\begin{equation}\label{expansionS}
\frac{S^{{\mathfrak{g}}}_{S0}}{S^{{\mathfrak{g}}}_{00}}\ =\ \dim
(V^{S})\Bigl(1-\frac{\pi^{2}}{6 k^{2}}g^{\vee }C_{S}
\Bigr) + \mathcal{O}( 1/k^{3})
\end{equation}
which can be found e.g.\ in~\cite[eq.\
(13.175)]{FrancescoCFT}. Here, $g^{\vee }$ is the dual Coxeter number
of ${\mathfrak{g}}$, $V^{S}$ is the representation space of
the representation labeled by $S$, and $C_{S}$ is the quadratic Casimir,
\[
C_{S}\ =\ \frac{1}{\dim V^{S}} \mbox{tr} _{V^{S}} \bigl(T_{\mu}T^{\mu }\bigr)\ \ .
\]
$T_{\mu }$ are the generators of the Lie algebra ${\mathfrak{g}}$. To relate
the Casimir of a ${\mathfrak{g}}$-representation with that of a
representation of ${\mathfrak{h}}$ we use the formula
\begin{equation}\label{Casimirrelation}
\mbox{tr}_{V^{S}} \bigl(T_{\mu }T^{\mu }\bigr)\ =\ \frac{1}{x_{e}}\frac{\dim
{\mathfrak{g}}}{\dim {\mathfrak{h}}}\, \mbox{tr} _{V^{S}} \bigl(T'_{m}T'^{m}\bigr)
\end{equation}
where the $T'_{m}$ are 
the generators of ${\mathfrak{h}}$ embedded in ${\mathfrak{g}}$. 

Now we are prepared to check the inequality~\eqref{app:inequality}. 
We expand the l.h.s.\ according to the formula~\eqref{expansionS} and
obtain
\[
g_{L} \ =\ \sum_{S'}b_{SS'} \dim (V^{S'})\Bigl(1-\frac{\pi
^{2}}{6k'^{2}}g_{{\mathfrak{h}}}^{\vee }C_{S'} \Bigr) + \mathcal{O} (1/k'^{3})\ \ .
\]
After some manipulations and applying the
relation~\eqref{Casimirrelation} we arrive at
\[
g_{L}\ =\ \dim (V^{S})\Bigl(1-\frac{\pi ^{2}}{6
k'^{2}}g_{{\mathfrak{h}}}^{\vee } \frac{x_{e}\dim {\mathfrak{h}}}{\dim {\mathfrak{g}}}C_{S}
\Bigr) + \mathcal{O} (1/k'^{3})\ \ .
\]
Inserting $k'=kx_{e}$ and using the fact that $\dim {\mathfrak{g}}>\dim
{\mathfrak{h}}$ as well as $g^{\vee }>g_{{\mathfrak{h}}}^{\vee }/x_{e}$ we can
finally conclude that $g_{L}>g_{R}$ in the order $1/k^{2}$.
\smallskip

The proof for semi-simple Lie algebras can be done essentially 
along the same lines. Let us sketch the procedure in the example of
a coset model of the form ${\mathfrak{g}}^{(1)}_{k_{1}}\oplus \cdots \oplus
{\mathfrak{g}}^{(n)}_{k_{n}} /{\mathfrak{h}}_{k'}$ where the level of the
denominator is determined by $k'=k_{1}x_{1}+\cdots+k_{n}x_{n}$. Using
the expansion formula~\eqref{expansionS}, we reduce our problem to
proving the inequality 
\begin{equation}\label{reducedproblem}
\sum_{i=1}^{n} \frac{g^{\vee}_{i}}{k_{i}^{2}}\, \mbox{tr}  \bigl(T_{i}^{2}\bigr)\ >\
\frac{g_{h}^{\vee }}{k'^{2}}\, \mbox{tr} \bigl({\textstyle \sum}\,  T_{i}'\bigr)^{2}\ \ .
\end{equation}
The left hand side can be estimated from below as before,
\begin{equation}\label{estimate}
\sum_{i=1}^{n} \frac{g^{\vee}_{i}}{k_{i}^{2}}\, \mbox{tr} \bigl(T_{i}^{2}\bigr)\ >\
\frac{1}{\sum k_{j }x_{j}}\sum_{i}\frac{g_{h}^{\vee }}{k_{i}x_{i}}\, \mbox{tr}
\bigl( T_{i}'^{2}\bigr) \ \ . 
\end{equation}
We show now that this estimate is good enough to
prove~\eqref{reducedproblem}, i.e.\ that the difference 
\[
\eta \ :=\ \sum_{i}\frac{\sum_{j}k_{j}x_{j}}{k_{i}x_{i}}\,\mbox{tr} \bigl(
T_{i}'^{2}\bigr)
- \mbox{tr} \bigl( {\textstyle \sum}\, T'_{i} \bigr) ^{2}
\]
is positive. By introducing
$a_{i}:=\sqrt{k_{i}x_{i}/\sum_{j}k_{j}x_{j}}$ we can rewrite $\eta $
in a manifestly positive form,
\[
\eta\ =\ \sum_{i=1}^{n-1}\mbox{tr} \Bigl[\frac{a_{i}}{1+a_{n}}
(T'_{1}+\cdots + T'_{n-1})+\frac{a_{i}}{a_{n}}T'_{n}-\frac{1}{a_{i}}T'_{i}
 \Bigr]^{2} \ \ ,
\]
which completes the proof.

\section{Tables for flows in specific models}
\subsection{Critical Ising model}
Boundary conditions: $0$ (free), $+$ (spin up), $-$ (spin down).
\begin{itemize}
\item {\bf Coset realization} $\displaystyle \frac{su (2)_{1}\oplus su
(2)_{2}}{su (2)_{3}}$: Perturbing field has $h=1/2$.\\ 
Flows resulting from~\eqref{bcflow} starting from
\begin{itemize}
\item a {\bf single} boundary condition
\begin{align*}
0\ &\longrightarrow \ +\\
&\longrightarrow \ -
\end{align*}
\item a superposition of {\bf two} boundary conditions
\newlength{\tmpA}
\settowidth{\tmpA}{$0$}
\begin{align*}
\makebox[\tmpA][r]{$+\oplus -$}\ &\longrightarrow\ 0\\
&\longrightarrow\ +\\
&\longrightarrow\ -
\end{align*} 
\end{itemize}
\end{itemize}

\subsection{Tricritical Ising model}
Boundary conditions:
\begin{center}
\begin{tabular}{ccrcl}
Symbol & \parbox{2.72cm}{Conf.\ weight $h$ of corresp.\ field} &
\multicolumn{3}{c}{g-factor}\\ \hline 
$+$     & $3/2$  & $a$            & $\approx $ & $.5127$ \\
$-$     & $0$    & $a$            & $\approx $ & $.5127$ \\
$0$     & $7/16$ & $a\sqrt{2}$    & $\approx $ & $.7251$ \\
$0\! +$ & $3/5$  & $b/a\sqrt{2}$  & $\approx $ & $.8296$ \\ 
$-\! 0$ & $1/10$ & $b/a\sqrt{2}$  & $\approx $ & $.8296$ \\
$d$     & $3/80$ & $b/a$          & $\approx $ & $1.173$ 
\end{tabular}
\end{center}
Here, $\displaystyle a^{4}=\frac{5-\sqrt{5}}{40}\ ,\
b^{2}=\frac{5+\sqrt{5}}{2}$.

\begin{itemize}
\item {\bf Coset realization} $\displaystyle \frac{su (2)_{2}\oplus su
(2)_{1}}{su (2)_{3}}$: Perturbing field has $h=3/5$.\\
Flows resulting from~\eqref{bcflow}  starting from
\settowidth{\tmpA}{$2\cdot d \oplus 0$}
\newlength{\tmpB}\settowidth{\tmpB}{${0\! +}\oplus {-\! 0}$}
\newlength{\tmpC}\settowidth{\tmpC}{$2\cdot {-\! 0}\oplus +$}
\newlength{\tmpD}\settowidth{\tmpD}{${-\! 0}$}
\newlength{\tmpE}\settowidth{\tmpE}{$2\cdot {0\! +}\oplus -$}
\newlength{\tmpF}\settowidth{\tmpF}{${0\! +}$}
\begin{itemize}
\item a {\bf single} boundary condition
\begin{align*}
\makebox[\tmpA][r]{$d$}\ &\longrightarrow \ \makebox[\tmpB][l]{$0$}         &
\makebox[\tmpC][r]{$0\! +$}\ &\longrightarrow \ \makebox[\tmpD][l]{$0$} &
\makebox[\tmpE][r]{$-\! 0$}\ &\longrightarrow \ \makebox[\tmpF][l]{$0$} \\
   &\longrightarrow \ +\oplus - &     &\longrightarrow \ + &     &\longrightarrow \ -
\end{align*}
\item a superposition of {\bf two} boundary conditions
\begin{align*}
\makebox[\tmpA][r]{$0\oplus d$}\ &\longrightarrow \ d           &
\makebox[\tmpC][r]{$-\oplus 0\! +$}\ &\longrightarrow \ -  &
\makebox[\tmpE][r]{$+\oplus -$}\ &
\longrightarrow \ +  \\
           &\longrightarrow \ 0           &             &\longrightarrow \ -\! 0 &            &
\longrightarrow \ 0\! + \\
           &\longrightarrow \ +\oplus -   &             &\longrightarrow \ d  &            &
\longrightarrow \ d  \\
           &\longrightarrow \ {0\! +}\oplus -\! 0 &             &\longrightarrow \ 0  &            &
\longrightarrow \ 0
\end{align*}
\item a superposition of {\bf three} boundary conditions
\begin{align*}
2\cdot d \oplus 0\ &\longrightarrow \ d           & 2\cdot -\! 0\oplus +\ &\longrightarrow \ d &
2\cdot {0\! +}\oplus -\ &\longrightarrow \ d \\
                   &\longrightarrow \ -\! 0\oplus 0\! + &
&\longrightarrow \ -\! 0&
                   &\longrightarrow \ 0\! +
\end{align*}
\end{itemize}
\item {\bf Coset realization} $\displaystyle \frac{(E_{7})_{1}\oplus
(E_{7})_{1}}{(E_{7})_{2}}$: Perturbing field has $h=1/10$.\\ 
Flows resulting from~\eqref{bcflow} starting from
\settowidth{\tmpA}{$+\oplus -\oplus 2\cdot {0\! +}\oplus 2\cdot {-\! 0}$}
\settowidth{\tmpB}{${0\! +}$}
\settowidth{\tmpC}{$2\cdot 0\oplus 2\cdot d$}
\settowidth{\tmpD}{${0\! +}$}
\begin{itemize}
\item a {\bf single} boundary condition
\begin{align*}
d\ &\longrightarrow \ +\\
   &\longrightarrow \ -
\end{align*}
\item a superposition of {\bf two} boundary conditions
\begin{align*}
\makebox[\tmpA][r]{${{0\! +}\oplus {-\! 0}}$}\ &\longrightarrow \
\makebox[\tmpB][l]{$0$} & \makebox[\tmpC][r]{$0\oplus d$}\ &\longrightarrow \ 0\! +  \\
             &         &            &\longrightarrow \ -\! 0  
\end{align*}
\item a superposition of {\bf four} boundary conditions
\begin{align*}
\makebox[\tmpA][r]{$+\oplus -\oplus {0\! +}\oplus {-\! 0}$}\ &\longrightarrow \
\makebox[\tmpB][l]{$d$} & 2\cdot 0\oplus 2\cdot d \
&\longrightarrow \ \makebox[\tmpD][l]{$0$} \\
                             &\longrightarrow \ + & & \\
                             &\longrightarrow \ - & &
\end{align*} 
\item a superposition of {\bf six} boundary conditions
\begin{align*}
+\oplus -\oplus 2\cdot {0\! +}\oplus 2\cdot {-\! 0}\ &\longrightarrow \ 0\! + & 2\cdot 0\oplus
4\cdot d\ &\longrightarrow \ \makebox[\tmpD][l]{$d$} \\
                                           &\longrightarrow \ -\! 0 & &
\end{align*}
\end{itemize}  
\end{itemize}
\subsection{Three-state Potts model}
Boundary conditions: $A,B,C,AB,BC,AC,F,N$ (see table~\ref{potts} on
page~\pageref{potts}). Note that the model has a $\mathbb{Z} _{3}$-symmetry which
acts on the boundary conditions as $A\to B\to C\to A,AB\to BC\to AC\to
AB$, the boundary conditions $F$ and $N$ are fixed. We shall only write
out flows modulo this symmetry, e.g.\ the flow $A\oplus
B\longrightarrow AB$ stands also for $B\oplus C\longrightarrow BC$ and
$C\oplus A\to AC$.

\begin{itemize}
\item {\bf Coset realization} $\displaystyle \frac{su (2)_{1}\oplus su
(2)_{3}}{su(2)_{4}}$: Perturbing field has $h=2/3$.\\
Flows resulting from~\eqref{bcflow} starting from
\begin{itemize}
\item a {\bf single} boundary condition
\begin{align*}
F\ &\longrightarrow \ BC & N\ &\longrightarrow \ BC        \\
   &\longrightarrow \ A  &    &\longrightarrow \ A\oplus BC 
\end{align*}
\item a superposition of {\bf two} boundary conditions
\begin{align*}
2\cdot F\ &\longrightarrow \ N  & 2\cdot N\ &\longrightarrow \ F\oplus N  & A\oplus B\ &\longrightarrow
\ AB \\
          &\longrightarrow \ BC &           &\longrightarrow \ A\oplus BC & AB\oplus AC&\longrightarrow
\ A\oplus BC
\end{align*}
\item a superposition of {\bf three} boundary conditions
\begin{align*}
A\oplus B\oplus C\ &\longrightarrow \ N  & AB\oplus BC\oplus AC\ &\longrightarrow \ F\oplus
N  \\
                   &\longrightarrow \ F  &                       &\longrightarrow \ N
   \\
                   &\longrightarrow \ AB &                       &\longrightarrow \ A\oplus
BC \\
                   &\longrightarrow \ A  &                       &\longrightarrow \ AB
   \\[2mm]
3\cdot F\ &\longrightarrow \ N & 3\cdot N\ &\longrightarrow \ F\oplus N \\
          &\longrightarrow \ F &           &\longrightarrow \ N
\end{align*}
\item a superposition of {\bf six} boundary conditions
\begin{align*}
2\cdot A\oplus 2\cdot B\oplus 2\cdot C \ &\longrightarrow \ N\\
2\cdot AB\oplus 2\cdot BC\oplus 2\cdot AC \ &\longrightarrow \ F\oplus N\\
\end{align*}
\end{itemize}
\item {\bf Coset realization} $\displaystyle \frac{su (2)_{3}}{u
(1)}$: Perturbing field has $h=2/3$.\\ 
Flows resulting from~\eqref{bcflow} starting from
\settowidth{\tmpA}{$2\cdot AB \oplus BC \oplus AC$}
\settowidth{\tmpB}{$A\oplus BC$}
\settowidth{\tmpD}{$F\oplus N$}
\begin{itemize}
\item a superposition of {\bf two} boundary conditions
\begin{align*}
\makebox[\tmpA][r]{$A\oplus B$}\   &\longrightarrow \ AB         & 2\cdot F\ &\longrightarrow \ N \\
AB\oplus AC\ &\longrightarrow \ A\oplus BC & 2\cdot N\ &\longrightarrow \ F\oplus N
\end{align*} 
\item a superposition of {\bf three} boundary conditions
\begin{align*}
\makebox[\tmpA][r]{$A\oplus B\oplus C$}\    &\longrightarrow \ AB         & 3\cdot F\ &\longrightarrow \ N \\
AB\oplus BC\oplus AC\ &\longrightarrow \ A\oplus BC & 3\cdot N\ &\longrightarrow \ F\oplus N
\end{align*}
\item a superposition of {\bf four} boundary conditions
\begin{align*}
2\cdot A\oplus B\oplus C\       &\longrightarrow \ \makebox[\tmpB][l]{$A$}  &
4\cdot F\ &\longrightarrow \ \makebox[\tmpD][l]{$F$}\\
2\cdot AB \oplus BC \oplus AC \ &\longrightarrow \ AB & 4\cdot N\ &\longrightarrow \ N
\end{align*}
\end{itemize}
\item {\bf Coset realization} $\displaystyle \frac{su (3)_{1}\oplus su
(3)_{1}}{su (3)_{2}}$: Perturbing field has $h=2/5$.\\ 
Flows resulting from~\eqref{bcflow} staring from
\settowidth{\tmpA}{$A\oplus 2\cdot BC$}
\settowidth{\tmpB}{$AC$}
\settowidth{\tmpC}{$F\oplus 2\cdot N$}
\settowidth{\tmpD}{$N$}
\begin{itemize}
\item a {\bf single} boundary condition
\begin{align*}
\makebox[\tmpA][r]{$AB$}\ &\longrightarrow \ \makebox[\tmpB][l]{$A$} &
\makebox[\tmpC][r]{$N$}\ &\longrightarrow \ \makebox[\tmpD][l]{$F$} \\
    &\longrightarrow \ B &    &
\end{align*}
\item a superposition of {\bf two} boundary conditions
\begin{align*}
\makebox[\tmpA][r]{$A\oplus BC$}\ &\longrightarrow \ AB &
\makebox[\tmpC][r]{$F\oplus N$}\ &\longrightarrow \ N \\
            &\longrightarrow \ AC &            &\longrightarrow \ F \\
            &\longrightarrow \ A  &            &         \\
            &\longrightarrow \ B  &            &         \\
            &\longrightarrow \ C  &            &
\end{align*}
\item a superposition of {\bf three} boundary conditions
\begin{align*}
A\oplus 2\cdot BC\ &\longrightarrow \ BC & F\oplus 2\cdot N\ &\longrightarrow \ N \\
                   &\longrightarrow \ AB & & \\
                   &\longrightarrow \ AC & &
\end{align*}
\end{itemize}
\end{itemize}
\end{appendix}

\begin{thebibliography}{10}

\bibitem{Affleck:1991tk}
I.~Affleck, A.~W.~W. Ludwig, {\em Universal noninteger 'ground state
  degeneracy' in critical quantum systems\/}, Phys. Rev. Lett. {\bf 67} (1991)
  161
%%CITATION = PRLTA,67,161;%%

\bibitem{Affleck:1991by}
I.~Affleck, A.~W.~W. Ludwig, {\em The Kondo effect, conformal field theory and
  fusion rules\/}, Nucl. Phys. {\bf B352} (1991) 849
%%CITATION = NUPHA,B352,849;%%

\bibitem{Fredenhagen:2002qn}
S.~Fredenhagen, V.~Schomerus, {\em On boundary RG-flows in coset conformal
  field theories\/}  (2002), hep-th/0205011
%%CITATION = HEP-TH 0205011;%%

\bibitem{Ishikawa:2001zu}
H.~Ishikawa, {\em Boundary states in coset conformal field theories\/}, Nucl.
  Phys. {\bf B629} (2002) 209, hep-th/0111230
%%CITATION = HEP-TH 0111230;%%

\bibitem{Ishikawa:2002wx}
H.~Ishikawa, T.~Tani, {\em Novel construction of boundary states in coset
  conformal field theories\/}, Nucl. Phys. {\bf B649} (2003) 205,
  hep-th/0207177
%%CITATION = HEP-TH 0207177;%%

\bibitem{Goddard:1985vk}
P.~Goddard, A.~Kent, D.~I. Olive, {\em Virasoro algebras and coset space
  models\/}, Phys. Lett. {\bf B152} (1985) 88
%%CITATION = PHLTA,B152,88;%%

\bibitem{Cardy:1989ir}
J.~L. Cardy, {\em Boundary conditions, fusion rules and the {Verlinde}
  formula\/}, Nucl. Phys. {\bf B324} (1989) 581
%%CITATION = NUPHA,B324,581;%%

\bibitem{Quella:2002ns}
T.~Quella, {\em On the hierarchy of symmetry breaking D-branes in group
  manifolds\/}, JHEP {\bf 12} (2002) 009, hep-th/0209157
%%CITATION = HEP-TH 0209157;%%

\bibitem{Quella:2002fk}
T.~Quella, V.~Schomerus, {\em Asymmetric cosets\/}  (2002), hep-th/0212119
%%CITATION = HEP-TH 0212119;%%

\bibitem{Maldacena:2001ky}
J.~Maldacena, G.~W. Moore, N.~Seiberg, {\em Geometrical interpretation of
  {D-branes} in gauged {WZW} models\/}, JHEP {\bf 07} (2001) 046,
  hep-th/0105038
%%CITATION = HEP-TH 0105038;%%

\bibitem{Quella:2002ct}
T.~Quella, V.~Schomerus, {\em Symmetry breaking boundary states and defect
  lines\/}, JHEP {\bf 06} (2002) 028, hep-th/0203161
%%CITATION = HEP-TH 0203161;%%

\bibitem{Gawedzki:2001ye}
K.~Gawedzki, {\em Boundary WZW, G/H, G/G and CS theories\/}, Annales Henri
  Poincare {\bf 3} (2002) 847, hep-th/0108044
%%CITATION = HEP-TH 0108044;%%

\bibitem{Elitzur:2001qd}
S.~Elitzur, G.~Sarkissian, {\em D-branes on a gauged WZW model\/}, Nucl. Phys.
  {\bf B625} (2002) 166, hep-th/0108142
%%CITATION = HEP-TH 0108142;%%

\bibitem{Kubota:2001ai}
T.~Kubota, J.~Rasmussen, M.~A. Walton, J.-G. Zhou, {\em Maximally symmetric
  D-branes in gauged WZW models\/}, Phys. Lett. {\bf B544} (2002) 192,
  hep-th/0112078
%%CITATION = HEP-TH 0112078;%%

\bibitem{Walton:2002db}
M.~A. Walton, J.-G. Zhou, {\em D-branes in asymmetrically gauged WZW models and
  axial- vector duality\/}, Nucl. Phys. {\bf B648} (2003) 523, hep-th/0205161
%%CITATION = HEP-TH 0205161;%%

\bibitem{Sarkissian:2002nq}
G.~Sarkissian, {\em On D-branes in the Nappi-Witten and GMM models\/}  (2002),
  hep-th/0211163
%%CITATION = HEP-TH 0211163;%%

\bibitem{FrancescoCFT}
P.~D. Francesco, P.~Mathieu, D.~S{\'e}n{\'e}chal, {\em {Conformal Field Theory}\/},
  Graduate Texts in Contemporary Physics, Springer, New York (1999)

\bibitem{Dunbar:1993hr}
D.~C. Dunbar, K.~G. Joshi, {\em Maverick examples of coset conformal field
  theories\/}, Mod. Phys. Lett. {\bf A8} (1993) 2803, hep-th/9309093
%%CITATION = HEP-TH 9309093;%%

\bibitem{Behrend:1998fd}
R.~E. Behrend, P.~A. Pearce, V.~B. Petkova, J.-B. Zuber, {\em On the
  classification of bulk and boundary conformal field theories\/}, Phys. Lett.
  {\bf B444} (1998) 163, hep-th/9809097
%%CITATION = HEP-TH 9809097;%%

\bibitem{Behrend:1999bn}
R.~E. Behrend, P.~A. Pearce, V.~B. Petkova, J.-B. Zuber, {\em Boundary
  conditions in rational conformal field theories\/}, Nucl. Phys. {\bf B570}
  (2000) 525, hep-th/9908036
%%CITATION = HEP-TH 9908036;%%

\bibitem{Fredenhagen:2001kw}
S.~Fredenhagen, V.~Schomerus, {\em D-branes in coset models\/}, JHEP {\bf 02}
  (2002) 005, hep-th/0111189
%%CITATION = HEP-TH 0111189;%%

\bibitem{Gannon:1995km}
T.~Gannon, M.~A. Walton, {\em On the classification of diagonal coset modular
  invariants\/}, Commun. Math. Phys. {\bf 173} (1995) 175, hep-th/9407055
%%CITATION = HEP-TH 9407055;%%

\bibitem{Affleck:1992ng}
I.~Affleck, A.~W.~W. Ludwig, {\em Exact conformal field theory results on the
  multichannel Kondo effect: Single fermion Green's function, selfenergy and
  resistivity\/} UBCTP-92-029

\bibitem{Fredenhagen:2001nc}
S.~Fredenhagen, V.~Schomerus, {\em Brane dynamics in {CFT} backgrounds\/}
  (2001), hep-th/0104043
%%CITATION = HEP-TH 0104043;%%

\bibitem{Alekseev:2000fd}
A.~Y. Alekseev, A.~Recknagel, V.~Schomerus, {\em Brane dynamics in background
  fluxes and non-commutative geometry\/}, JHEP {\bf 05} (2000) 010,
  hep-th/0003187
%%CITATION = HEP-TH 0003187;%%

\bibitem{Fredenhagen:thesis}
S.~Fredenhagen, {\em D-brane dynamics in curved backgrounds\/}, Ph.D. thesis,
  Humboldt University, Berlin (2002),
  (http://edoc.hu-berlin.de/abstract.php3/\\
  dissertationen/fredenhagen-stefan-2002-09-16)

\bibitem{Alekseev:2002rj}
A.~Y. Alekseev, S.~Fredenhagen, T.~Quella, V.~Schomerus, {\em Non-commutative
  gauge theory of twisted D-branes\/}, Nucl. Phys. {\bf B646} (2002) 127,
  hep-th/0205123
%%CITATION = HEP-TH 0205123;%%

\bibitem{Cappelli:1987hf}
A.~Cappelli, C.~Itzykson, J.~B. Zuber, {\em Modular invariant partition
  functions in two-dimensions\/}, Nucl. Phys. {\bf B280} (1987) 445
%%CITATION = NUPHA,B280,445;%%

\bibitem{Cappelli:1987xt}
A.~Cappelli, C.~Itzykson, J.~B. Zuber, {\em The ADE classification of minimal
  and A1(1) conformal invariant theories\/}, Commun. Math. Phys. {\bf 113}
  (1987) 1
%%CITATION = CMPHA,113,1;%%

\bibitem{Kato:1987td}
A.~Kato, {\em Classification of modular invariant partition functions in
  two-dimensions\/}, Mod. Phys. Lett. {\bf A2} (1987) 585
%%CITATION = MPLAE,A2,585;%%

\bibitem{Recknagel:2000ri}
A.~Recknagel, D.~Roggenkamp, V.~Schomerus, {\em On relevant boundary
  perturbations of unitary minimal models\/}, Nucl. Phys. {\bf B588} (2000)
  552, hep-th/0003110
%%CITATION = HEP-TH 0003110;%%

\bibitem{Chim:1996kf}
L.~Chim, {\em Boundary S-matrix for the Tricritical Ising Model\/}, Int. J.
  Mod. Phys. {\bf A11} (1996) 4491, hep-th/9510008
%%CITATION = HEP-TH 9510008;%%

\bibitem{Ahn:1998xm}
C.-r. Ahn, C.~Rim, {\em Boundary flows in the general coset theories\/}, J.
  Phys. {\bf A32} (1999) 2509, hep-th/9805101
%%CITATION = HEP-TH 9805101;%%

\bibitem{Lesage:1998qf}
F.~Lesage, H.~Saleur, P.~Simonetti, {\em Boundary flows in minimal models\/},
  Phys. Lett. {\bf B427} (1998) 85, hep-th/9802061
%%CITATION = HEP-TH 9802061;%%

\bibitem{Graham:2001pp}
K.~Graham, {\em On perturbations of unitary minimal models by boundary
  condition changing operators\/}, JHEP {\bf 03} (2002) 028, hep-th/0111205
%%CITATION = HEP-TH 0111205;%%

\bibitem{Affleck:2000jv}
I.~Affleck, {\em Edge Critical Behaviour of the 2-dimensional Tri-critical
  Ising Model\/}, J. Phys. {\bf A33} (2000) 6473, cond-mat/0005286
%%CITATION = COND-MAT 0005286;%%

\bibitem{Graham:2001tg}
K.~Graham, I.~Runkel, G.~M.~T. Watts, {\em Minimal model boundary flows and c =
  1 {CFT}\/}, Nucl. Phys. {\bf B608} (2001) 527, hep-th/0101187
%%CITATION = HEP-TH 0101187;%%

\bibitem{Bowcock:1987mw}
P.~Bowcock, P.~Goddard, {\em Virasoro algebras with central charge c $<$ 1\/},
  Nucl. Phys. {\bf B285} (1987) 651
%%CITATION = NUPHA,B285,651;%%

\bibitem{Affleck:1998nq}
I.~Affleck, M.~Oshikawa, H.~Saleur, {\em Boundary Critical Phenomena in the
  Three-State Potts Model\/}  (1998), cond-mat/9804117
%%CITATION = COND-MAT 9804117;%%

\bibitem{Fuchs:1998qn}
J.~Fuchs, C.~Schweigert, {\em Completeness of boundary conditions for the
  critical three- state Potts model\/}, Phys. Lett. {\bf B441} (1998) 141,
  hep-th/9806121
%%CITATION = HEP-TH 9806121;%%

\bibitem{Affleck:2000ws}
I.~Affleck, M.~Oshikawa, H.~Saleur, {\em Quantum Brownian motion on a
  triangular lattice and c = 2 boundary conformal field theory\/}, Nucl. Phys.
  {\bf B594} (2001) 535, cond-mat/0009084
%%CITATION = COND-MAT 0009084;%%

\bibitem{Lerche:2000iv}
W.~Lerche, J.~Walcher, {\em Boundary rings and N = 2 coset models\/}, Nucl.
  Phys. {\bf B625} (2002) 97, hep-th/0011107
%%CITATION = HEP-TH 0011107;%%

\bibitem{Fredenhagen:2000ei}
S.~Fredenhagen, V.~Schomerus, {\em Branes on group manifolds, gluon
  condensates, and twisted {K-theory}\/}, JHEP {\bf 04} (2001) 007,
  hep-th/0012164
%%CITATION = HEP-TH 0012164;%%

\bibitem{Bouwknegt:2002bq}
P.~Bouwknegt, P.~Dawson, D.~Ridout, {\em D-branes on group manifolds and fusion
  rings\/}, JHEP {\bf 12} (2002) 065, hep-th/0210302
%%CITATION = HEP-TH 0210302;%%

\end{thebibliography}

\end{document}

 

"
1,"\begin{eqnarray*}
\"
2,"\begin{eqnarray*}
\"
3,"\begin{eqnarray*}
\"
4,"\begin{eqnarray*}
\"
5,"\begin{eqnarray*}
\"
6,"\begin{eqnarray*}
A"
7,"\begin{eqnarray*}
\"
