,multline
0,\begin{multline} \label{1.2 \
1,"\begin{multline} 
ds_5^2= L_0^2\frac{X^{1/2 \"
2,"\begin{multline} 
ds^2(IR)= \frac{3\sqrt{3 \"
3,"\begin{multline} 
ds_5^2(IR)= \frac{\sqrt{3 \"
4,"\begin{multline} 
\mathcal{L \"
5,"\begin{multline} 
\mathcal{L \"
6,"\begin{multline} 
(\o_n^\pm)^2=n^2-1+\frac{1 \"
7,"\begin{multline} 
\z^A(\t,\s)=\cos\sqrt{4M^2+\frac{3 \"
8,"\begin{multline} 
\z^{A+2 \"
9,"\begin{multline} 
H=E+\sqrt{4M^2+\frac{3 \"
10,"\begin{multline} 
H=E+\sqrt{4M^2+\frac{3 \"
11,"\begin{multline} 
(\o_n^\pm)^2=\frac{1 \"
12,"\begin{multline} 
ds^2=2dx^+dx^--E^2\lb(r^2+w^2+4y^2\rb)d{x^+ \"
13,"\begin{multline} 
H_B=-\frac{1 \"
14,"\begin{multline} 
S_B=-\frac{1 \"
15,"\begin{multline} 
X^p(\t\s)=\cos M\t x_0^p+\frac{\a' \"
16,"\begin{multline} 
X^A(\t,\s)=\cos 2M\t x_0^A+\frac{\a' \"
17,"\begin{multline} 
X^{A+2 \"
18,"\begin{multline} 
H_B=\frac{1 \"
